{
  "inputs": {
    "input0": [
      224,
      224,
      3
    ]
  },
  "outputs": {
    "output0": [
      1,
      1,
      4
    ]
  },
  "params_quantity": 1836052,
  "loss": [
    [
      1,
      2.09362
    ],
    [
      2,
      1.73266
    ],
    [
      3,
      1.51423
    ],
    [
      4,
      1.38854
    ],
    [
      5,
      1.32148
    ],
    [
      6,
      1.27023
    ],
    [
      7,
      1.22347
    ],
    [
      8,
      1.18946
    ],
    [
      9,
      1.15684
    ],
    [
      10,
      1.12179
    ],
    [
      11,
      1.092
    ],
    [
      12,
      1.06341
    ],
    [
      13,
      1.04071
    ],
    [
      14,
      1.01565
    ],
    [
      15,
      0.99319
    ],
    [
      16,
      0.97545
    ],
    [
      17,
      0.9534
    ],
    [
      18,
      0.93417
    ],
    [
      19,
      0.91818
    ],
    [
      20,
      0.9019
    ],
    [
      21,
      0.88564
    ],
    [
      22,
      0.87008
    ],
    [
      23,
      0.85616
    ],
    [
      24,
      0.84353
    ],
    [
      25,
      0.8299
    ],
    [
      26,
      0.81972
    ],
    [
      27,
      0.80741
    ],
    [
      28,
      0.79678
    ],
    [
      29,
      0.7856
    ],
    [
      30,
      0.77698
    ],
    [
      31,
      0.76608
    ],
    [
      32,
      0.75821
    ],
    [
      33,
      0.75103
    ],
    [
      34,
      0.74057
    ],
    [
      35,
      0.7348
    ],
    [
      36,
      0.72475
    ],
    [
      37,
      0.71825
    ],
    [
      38,
      0.71297
    ],
    [
      39,
      0.70647
    ],
    [
      40,
      0.69811
    ],
    [
      41,
      1.01567
    ],
    [
      42,
      0.94187
    ],
    [
      43,
      0.89534
    ],
    [
      44,
      0.83906
    ],
    [
      45,
      0.81577
    ],
    [
      46,
      0.76143
    ],
    [
      47,
      0.72568
    ],
    [
      48,
      0.70955
    ],
    [
      49,
      0.68373
    ],
    [
      50,
      0.65982
    ],
    [
      51,
      0.64002
    ],
    [
      52,
      0.62599
    ],
    [
      53,
      0.61697
    ],
    [
      54,
      0.5998
    ],
    [
      55,
      0.5788
    ],
    [
      56,
      0.60771
    ],
    [
      57,
      0.55724
    ],
    [
      58,
      0.55489
    ],
    [
      59,
      0.54671
    ],
    [
      60,
      0.52344
    ],
    [
      61,
      0.54347
    ],
    [
      62,
      0.50315
    ],
    [
      63,
      0.49448
    ],
    [
      64,
      0.49781
    ],
    [
      65,
      0.475
    ],
    [
      66,
      0.47943
    ],
    [
      67,
      0.4578
    ],
    [
      68,
      0.45482
    ],
    [
      69,
      0.46637
    ],
    [
      70,
      0.45548
    ],
    [
      71,
      0.42988
    ],
    [
      72,
      0.44164
    ],
    [
      73,
      0.43613
    ],
    [
      74,
      0.4392
    ],
    [
      75,
      0.39715
    ],
    [
      76,
      0.4207
    ],
    [
      77,
      0.40671
    ],
    [
      78,
      0.40275
    ],
    [
      79,
      0.41274
    ],
    [
      80,
      0.39903
    ],
    [
      81,
      0.3923
    ],
    [
      82,
      0.40473
    ],
    [
      83,
      0.38282
    ],
    [
      84,
      0.40019
    ],
    [
      85,
      0.38664
    ],
    [
      86,
      0.37239
    ],
    [
      87,
      0.37952
    ],
    [
      88,
      0.36637
    ],
    [
      89,
      0.36754
    ],
    [
      90,
      0.37284
    ],
    [
      91,
      0.37713
    ],
    [
      92,
      0.36057
    ],
    [
      93,
      0.38171
    ],
    [
      94,
      0.35225
    ],
    [
      95,
      0.37715
    ],
    [
      96,
      0.38605
    ],
    [
      97,
      0.38286
    ],
    [
      98,
      0.36846
    ],
    [
      99,
      0.35214
    ],
    [
      100,
      0.35522
    ]
  ],
  "acc": [
    [
      1,
      0.21739
    ],
    [
      2,
      0.23551
    ],
    [
      3,
      0.25725
    ],
    [
      4,
      0.3442
    ],
    [
      5,
      0.38768
    ],
    [
      6,
      0.4058
    ],
    [
      7,
      0.43478
    ],
    [
      8,
      0.45652
    ],
    [
      9,
      0.47464
    ],
    [
      10,
      0.52899
    ],
    [
      11,
      0.55072
    ],
    [
      12,
      0.56522
    ],
    [
      13,
      0.5942
    ],
    [
      14,
      0.59783
    ],
    [
      15,
      0.6087
    ],
    [
      16,
      0.61594
    ],
    [
      17,
      0.64855
    ],
    [
      18,
      0.65217
    ],
    [
      19,
      0.65217
    ],
    [
      20,
      0.67391
    ],
    [
      21,
      0.67754
    ],
    [
      22,
      0.69565
    ],
    [
      23,
      0.69928
    ],
    [
      24,
      0.69565
    ],
    [
      25,
      0.72464
    ],
    [
      26,
      0.71739
    ],
    [
      27,
      0.72464
    ],
    [
      28,
      0.72101
    ],
    [
      29,
      0.74275
    ],
    [
      30,
      0.74275
    ],
    [
      31,
      0.76449
    ],
    [
      32,
      0.75
    ],
    [
      33,
      0.76449
    ],
    [
      34,
      0.78986
    ],
    [
      35,
      0.78261
    ],
    [
      36,
      0.7971
    ],
    [
      37,
      0.79348
    ],
    [
      38,
      0.80435
    ],
    [
      39,
      0.7971
    ],
    [
      40,
      0.81522
    ],
    [
      41,
      0.55435
    ],
    [
      42,
      0.57609
    ],
    [
      43,
      0.61232
    ],
    [
      44,
      0.67029
    ],
    [
      45,
      0.68478
    ],
    [
      46,
      0.71377
    ],
    [
      47,
      0.73913
    ],
    [
      48,
      0.76087
    ],
    [
      49,
      0.78261
    ],
    [
      50,
      0.81884
    ],
    [
      51,
      0.81884
    ],
    [
      52,
      0.81522
    ],
    [
      53,
      0.81522
    ],
    [
      54,
      0.8442
    ],
    [
      55,
      0.84058
    ],
    [
      56,
      0.81522
    ],
    [
      57,
      0.86232
    ],
    [
      58,
      0.85507
    ],
    [
      59,
      0.86594
    ],
    [
      60,
      0.87319
    ],
    [
      61,
      0.8442
    ],
    [
      62,
      0.88406
    ],
    [
      63,
      0.88768
    ],
    [
      64,
      0.87319
    ],
    [
      65,
      0.89855
    ],
    [
      66,
      0.89493
    ],
    [
      67,
      0.91304
    ],
    [
      68,
      0.92391
    ],
    [
      69,
      0.87319
    ],
    [
      70,
      0.93116
    ],
    [
      71,
      0.94203
    ],
    [
      72,
      0.91304
    ],
    [
      73,
      0.92029
    ],
    [
      74,
      0.90217
    ],
    [
      75,
      0.9529
    ],
    [
      76,
      0.92754
    ],
    [
      77,
      0.93841
    ],
    [
      78,
      0.93841
    ],
    [
      79,
      0.93478
    ],
    [
      80,
      0.92391
    ],
    [
      81,
      0.94203
    ],
    [
      82,
      0.94203
    ],
    [
      83,
      0.93841
    ],
    [
      84,
      0.94203
    ],
    [
      85,
      0.94928
    ],
    [
      86,
      0.94565
    ],
    [
      87,
      0.94203
    ],
    [
      88,
      0.94928
    ],
    [
      89,
      0.94203
    ],
    [
      90,
      0.94928
    ],
    [
      91,
      0.94203
    ],
    [
      92,
      0.9529
    ],
    [
      93,
      0.93841
    ],
    [
      94,
      0.96014
    ],
    [
      95,
      0.9529
    ],
    [
      96,
      0.91304
    ],
    [
      97,
      0.9529
    ],
    [
      98,
      0.94565
    ],
    [
      99,
      0.97101
    ],
    [
      100,
      0.9529
    ]
  ],
  "lr": [
    [
      1,
      0.001
    ],
    [
      2,
      0.00098
    ],
    [
      3,
      0.00095
    ],
    [
      4,
      0.00093
    ],
    [
      5,
      0.00091
    ],
    [
      6,
      0.00089
    ],
    [
      7,
      0.00087
    ],
    [
      8,
      0.00085
    ],
    [
      9,
      0.00083
    ],
    [
      10,
      0.00081
    ],
    [
      11,
      0.00079
    ],
    [
      12,
      0.00078
    ],
    [
      13,
      0.00076
    ],
    [
      14,
      0.00074
    ],
    [
      15,
      0.00072
    ],
    [
      16,
      0.00071
    ],
    [
      17,
      0.00069
    ],
    [
      18,
      0.00068
    ],
    [
      19,
      0.00066
    ],
    [
      20,
      0.00065
    ],
    [
      21,
      0.00063
    ],
    [
      22,
      0.00062
    ],
    [
      23,
      0.0006
    ],
    [
      24,
      0.00059
    ],
    [
      25,
      0.00058
    ],
    [
      26,
      0.00056
    ],
    [
      27,
      0.00055
    ],
    [
      28,
      0.00054
    ],
    [
      29,
      0.00052
    ],
    [
      30,
      0.00051
    ],
    [
      31,
      0.0005
    ],
    [
      32,
      0.00049
    ],
    [
      33,
      0.00048
    ],
    [
      34,
      0.00047
    ],
    [
      35,
      0.00046
    ],
    [
      36,
      0.00045
    ],
    [
      37,
      0.00044
    ],
    [
      38,
      0.00043
    ],
    [
      39,
      0.00042
    ],
    [
      40,
      0.00041
    ],
    [
      41,
      0.0004
    ],
    [
      42,
      0.00039
    ],
    [
      43,
      0.00038
    ],
    [
      44,
      0.00037
    ],
    [
      45,
      0.00036
    ],
    [
      46,
      0.00035
    ],
    [
      47,
      0.00035
    ],
    [
      48,
      0.00034
    ],
    [
      49,
      0.00033
    ],
    [
      50,
      0.00032
    ],
    [
      51,
      0.00032
    ],
    [
      52,
      0.00031
    ],
    [
      53,
      0.0003
    ],
    [
      54,
      0.0003
    ],
    [
      55,
      0.00029
    ],
    [
      56,
      0.00028
    ],
    [
      57,
      0.00028
    ],
    [
      58,
      0.00027
    ],
    [
      59,
      0.00026
    ],
    [
      60,
      0.00026
    ],
    [
      61,
      0.00025
    ],
    [
      62,
      0.00025
    ],
    [
      63,
      0.00024
    ],
    [
      64,
      0.00023
    ],
    [
      65,
      0.00023
    ],
    [
      66,
      0.00022
    ],
    [
      67,
      0.00022
    ],
    [
      68,
      0.00021
    ],
    [
      69,
      0.00021
    ],
    [
      70,
      0.0002
    ],
    [
      71,
      0.0002
    ],
    [
      72,
      0.00019
    ],
    [
      73,
      0.00019
    ],
    [
      74,
      0.00019
    ],
    [
      75,
      0.00018
    ],
    [
      76,
      0.00018
    ],
    [
      77,
      0.00017
    ],
    [
      78,
      0.00017
    ],
    [
      79,
      0.00017
    ],
    [
      80,
      0.00016
    ],
    [
      81,
      0.00016
    ],
    [
      82,
      0.00015
    ],
    [
      83,
      0.00015
    ],
    [
      84,
      0.00015
    ],
    [
      85,
      0.00014
    ],
    [
      86,
      0.00014
    ],
    [
      87,
      0.00014
    ],
    [
      88,
      0.00013
    ],
    [
      89,
      0.00013
    ],
    [
      90,
      0.00013
    ],
    [
      91,
      0.00013
    ],
    [
      92,
      0.00012
    ],
    [
      93,
      0.00012
    ],
    [
      94,
      0.00012
    ],
    [
      95,
      0.00011
    ],
    [
      96,
      0.00011
    ],
    [
      97,
      0.00011
    ],
    [
      98,
      0.00011
    ],
    [
      99,
      0.0001
    ],
    [
      100,
      0.0001
    ]
  ],
  "val_loss": [
    [
      10,
      1.19091
    ],
    [
      20,
      0.9646
    ],
    [
      30,
      0.83854
    ],
    [
      40,
      0.75869
    ],
    [
      50,
      0.69443
    ],
    [
      60,
      0.59832
    ],
    [
      70,
      0.53624
    ],
    [
      80,
      0.49183
    ],
    [
      90,
      0.46157
    ],
    [
      100,
      0.43873
    ]
  ],
  "val_acc": [
    [
      10,
      0.59375
    ],
    [
      20,
      0.65625
    ],
    [
      30,
      0.6875
    ],
    [
      40,
      0.71875
    ],
    [
      50,
      0.8125
    ],
    [
      60,
      0.875
    ],
    [
      70,
      0.875
    ],
    [
      80,
      0.875
    ],
    [
      90,
      0.875
    ],
    [
      100,
      0.90625
    ]
  ],
  "mean": 123.5,
  "std": 58.395,
  "label_type": "classification",
  "data_type": "image",
  "labels": [
    "可回收垃圾",
    "厨余垃圾",
    "其他垃圾",
    "有害垃圾"
  ],
  "best_eval": {
    "epoch": 99,
    "val_acc": 0.906,
    "val_info": [
      {
        "name": "fcdcf2d9878045839cf151aaeaf3f2fb.jpg",
        "nickname": "35.jpg",
        "pred": 0,
        "gt": 2,
        "ok": false
      },
      {
        "name": "2badab2e7c7f4e499df0b81152d4e069.jpg",
        "nickname": "30.jpg",
        "pred": 2,
        "gt": 2,
        "ok": true
      },
      {
        "name": "b76b7401ad594022a8e6638c34aceffe.jpg",
        "nickname": "58.jpg",
        "pred": 0,
        "gt": 0,
        "ok": true
      },
      {
        "name": "ffc333c22f3f4e1b9e517de6d4d7329a.jpg",
        "nickname": "10.jpg",
        "pred": 1,
        "gt": 1,
        "ok": true
      },
      {
        "name": "b2c118bddd4d47f5be4d69e1cd97b679.jpg",
        "nickname": "97.jpg",
        "pred": 0,
        "gt": 0,
        "ok": true
      },
      {
        "name": "c8d0136a13b84d2192e41546d78917d0.jpg",
        "nickname": "31.jpg",
        "pred": 3,
        "gt": 3,
        "ok": true
      },
      {
        "name": "63dd39169cc2402e8fbab7bc3aaa4a5d.jpg",
        "nickname": "10.jpg",
        "pred": 2,
        "gt": 2,
        "ok": true
      },
      {
        "name": "4faede044e8d48fe871343f49c6860c5.jpg",
        "nickname": "7.jpg",
        "pred": 1,
        "gt": 1,
        "ok": true
      },
      {
        "name": "1110c9b152d4422fbf20438486f088a7.jpg",
        "nickname": "10.jpg",
        "pred": 3,
        "gt": 3,
        "ok": true
      },
      {
        "name": "792c30cf5b464940bed3a48ee24a62cc.jpg",
        "nickname": "46.jpg",
        "pred": 0,
        "gt": 0,
        "ok": true
      },
      {
        "name": "6bbcc26b5e22406f9e74bb9ee5fc070d.jpg",
        "nickname": "28.jpg",
        "pred": 3,
        "gt": 3,
        "ok": true
      },
      {
        "name": "414567d105da4a64994cd5b7c64b0990.jpg",
        "nickname": "9.jpg",
        "pred": 3,
        "gt": 3,
        "ok": true
      },
      {
        "name": "2e4ea2e3487940b58538ea5dee47284b.jpg",
        "nickname": "11.jpg",
        "pred": 3,
        "gt": 3,
        "ok": true
      },
      {
        "name": "077fcd8dc18b4c7186cbc2d66fa83cac.jpg",
        "nickname": "36.jpg",
        "pred": 2,
        "gt": 2,
        "ok": true
      },
      {
        "name": "c093ecc910804a34abfecda556cff834.jpg",
        "nickname": "33.jpg",
        "pred": 3,
        "gt": 3,
        "ok": true
      },
      {
        "name": "b0f38bc8874d4e5aba156b603f4cc9c7.jpg",
        "nickname": "92.jpg",
        "pred": 0,
        "gt": 0,
        "ok": true
      },
      {
        "name": "8ecbb87d4ef24053b26b6b5e3ce2ddae.jpg",
        "nickname": "1.jpg",
        "pred": 3,
        "gt": 3,
        "ok": true
      },
      {
        "name": "b3e5ad2dff474924a0ac1a78d5d170cd.jpg",
        "nickname": "40.jpg",
        "pred": 0,
        "gt": 2,
        "ok": false
      },
      {
        "name": "f03de6b9b65d48b583bc616855696391.jpg",
        "nickname": "13.jpg",
        "pred": 0,
        "gt": 3,
        "ok": false
      },
      {
        "name": "95a0fe7112b349a193102d5a38b284cb.jpg",
        "nickname": "2.jpg",
        "pred": 2,
        "gt": 2,
        "ok": true
      },
      {
        "name": "893dabe74906488bae8d9e84f0a8bd5c.jpg",
        "nickname": "28.jpg",
        "pred": 1,
        "gt": 1,
        "ok": true
      },
      {
        "name": "b9db2be0d67a4de7823ac88ab2e17c7e.jpg",
        "nickname": "18.jpg",
        "pred": 1,
        "gt": 1,
        "ok": true
      },
      {
        "name": "7af0266b664740c680cb8b6fda568423.jpg",
        "nickname": "16.jpg",
        "pred": 1,
        "gt": 1,
        "ok": true
      },
      {
        "name": "24a25d2b3d9a4440839a0fca5056850b.jpg",
        "nickname": "59.jpg",
        "pred": 2,
        "gt": 2,
        "ok": true
      },
      {
        "name": "7d586ad97f8d4e88adcc2692db3566f3.jpg",
        "nickname": "25.jpg",
        "pred": 2,
        "gt": 2,
        "ok": true
      },
      {
        "name": "392add6b21644ddba8b0dea9c5115472.jpg",
        "nickname": "27.jpg",
        "pred": 1,
        "gt": 1,
        "ok": true
      },
      {
        "name": "e0a37c4c533448538d65d6efc740b536.jpg",
        "nickname": "55.jpg",
        "pred": 0,
        "gt": 0,
        "ok": true
      },
      {
        "name": "b91a59c620284ec9a7b4cf439d219e32.jpg",
        "nickname": "43.jpg",
        "pred": 0,
        "gt": 0,
        "ok": true
      },
      {
        "name": "5f2cfa2f90e6445e83874cd4803a7348.jpg",
        "nickname": "5.jpg",
        "pred": 1,
        "gt": 1,
        "ok": true
      },
      {
        "name": "706aaa102aba498ea3522f5d20d53387.jpg",
        "nickname": "80.jpg",
        "pred": 0,
        "gt": 0,
        "ok": true
      },
      {
        "name": "b5c68a82cdf74e1a8a275390cfc9ecba.jpg",
        "nickname": "14.jpg",
        "pred": 1,
        "gt": 1,
        "ok": true
      },
      {
        "name": "7634926ad9c64c45a6a50057b03b3750.jpg",
        "nickname": "62.jpg",
        "pred": 0,
        "gt": 0,
        "ok": true
      }
    ]
  }
}