{
  "inputs": {
    "input0": [
      224,
      224,
      3
    ]
  },
  "outputs": {
    "output0": [
      1,
      1,
      4
    ]
  },
  "params_quantity": 1836052,
  "loss": [
    [
      1,
      1.33168
    ],
    [
      2,
      1.00168
    ],
    [
      3,
      0.80935
    ],
    [
      4,
      0.69206
    ],
    [
      5,
      0.61932
    ],
    [
      6,
      0.57015
    ],
    [
      7,
      0.53403
    ],
    [
      8,
      0.50557
    ],
    [
      9,
      0.47726
    ],
    [
      10,
      0.45513
    ],
    [
      11,
      0.44706
    ],
    [
      12,
      0.42454
    ],
    [
      13,
      0.41262
    ],
    [
      14,
      0.40203
    ],
    [
      15,
      0.39738
    ],
    [
      16,
      0.38717
    ],
    [
      17,
      0.3778
    ],
    [
      18,
      0.37069
    ],
    [
      19,
      0.3635
    ],
    [
      20,
      0.36047
    ],
    [
      21,
      0.34887
    ],
    [
      22,
      0.34449
    ],
    [
      23,
      0.34321
    ],
    [
      24,
      0.33687
    ],
    [
      25,
      0.33601
    ],
    [
      26,
      0.32901
    ],
    [
      27,
      0.32734
    ],
    [
      28,
      0.32302
    ],
    [
      29,
      0.32469
    ],
    [
      30,
      0.31987
    ],
    [
      31,
      0.31043
    ],
    [
      32,
      0.31313
    ],
    [
      33,
      0.30797
    ],
    [
      34,
      0.30498
    ],
    [
      35,
      0.30869
    ],
    [
      36,
      0.30241
    ],
    [
      37,
      0.30305
    ],
    [
      38,
      0.30171
    ],
    [
      39,
      0.29643
    ],
    [
      40,
      0.29232
    ],
    [
      41,
      0.4966
    ],
    [
      42,
      0.39544
    ],
    [
      43,
      0.3601
    ],
    [
      44,
      0.33609
    ],
    [
      45,
      0.31454
    ],
    [
      46,
      0.30761
    ],
    [
      47,
      0.29122
    ],
    [
      48,
      0.2806
    ],
    [
      49,
      0.27821
    ],
    [
      50,
      0.26197
    ],
    [
      51,
      0.26387
    ],
    [
      52,
      0.24915
    ],
    [
      53,
      0.24318
    ],
    [
      54,
      0.23863
    ],
    [
      55,
      0.24349
    ],
    [
      56,
      0.2236
    ],
    [
      57,
      0.22419
    ],
    [
      58,
      0.2271
    ],
    [
      59,
      0.2127
    ],
    [
      60,
      0.21428
    ],
    [
      61,
      0.21366
    ],
    [
      62,
      0.20498
    ],
    [
      63,
      0.20908
    ],
    [
      64,
      0.19645
    ],
    [
      65,
      0.19999
    ],
    [
      66,
      0.19591
    ],
    [
      67,
      0.19048
    ],
    [
      68,
      0.19242
    ],
    [
      69,
      0.19032
    ],
    [
      70,
      0.19099
    ],
    [
      71,
      0.17442
    ],
    [
      72,
      0.17868
    ],
    [
      73,
      0.17827
    ],
    [
      74,
      0.17563
    ],
    [
      75,
      0.18101
    ],
    [
      76,
      0.17442
    ],
    [
      77,
      0.1813
    ],
    [
      78,
      0.17655
    ],
    [
      79,
      0.16307
    ],
    [
      80,
      0.17274
    ],
    [
      81,
      0.16861
    ],
    [
      82,
      0.17171
    ],
    [
      83,
      0.16332
    ],
    [
      84,
      0.16319
    ],
    [
      85,
      0.16089
    ],
    [
      86,
      0.16567
    ],
    [
      87,
      0.16426
    ],
    [
      88,
      0.16512
    ],
    [
      89,
      0.16179
    ],
    [
      90,
      0.15865
    ],
    [
      91,
      0.16446
    ],
    [
      92,
      0.15859
    ],
    [
      93,
      0.15643
    ],
    [
      94,
      0.15966
    ],
    [
      95,
      0.16196
    ],
    [
      96,
      0.16183
    ],
    [
      97,
      0.15338
    ],
    [
      98,
      0.14839
    ],
    [
      99,
      0.15129
    ],
    [
      100,
      0.15168
    ]
  ],
  "acc": [
    [
      1,
      0.37308
    ],
    [
      2,
      0.60882
    ],
    [
      3,
      0.72398
    ],
    [
      4,
      0.77511
    ],
    [
      5,
      0.8052
    ],
    [
      6,
      0.82081
    ],
    [
      7,
      0.82896
    ],
    [
      8,
      0.83869
    ],
    [
      9,
      0.85158
    ],
    [
      10,
      0.85588
    ],
    [
      11,
      0.85
    ],
    [
      12,
      0.86335
    ],
    [
      13,
      0.86742
    ],
    [
      14,
      0.86448
    ],
    [
      15,
      0.86946
    ],
    [
      16,
      0.87172
    ],
    [
      17,
      0.87308
    ],
    [
      18,
      0.87353
    ],
    [
      19,
      0.8819
    ],
    [
      20,
      0.87602
    ],
    [
      21,
      0.88597
    ],
    [
      22,
      0.88643
    ],
    [
      23,
      0.88484
    ],
    [
      24,
      0.89095
    ],
    [
      25,
      0.8871
    ],
    [
      26,
      0.88914
    ],
    [
      27,
      0.88982
    ],
    [
      28,
      0.89231
    ],
    [
      29,
      0.89615
    ],
    [
      30,
      0.89729
    ],
    [
      31,
      0.90362
    ],
    [
      32,
      0.89502
    ],
    [
      33,
      0.89955
    ],
    [
      34,
      0.9
    ],
    [
      35,
      0.89457
    ],
    [
      36,
      0.90249
    ],
    [
      37,
      0.89887
    ],
    [
      38,
      0.90113
    ],
    [
      39,
      0.9
    ],
    [
      40,
      0.90475
    ],
    [
      41,
      0.81878
    ],
    [
      42,
      0.86742
    ],
    [
      43,
      0.88348
    ],
    [
      44,
      0.89367
    ],
    [
      45,
      0.89796
    ],
    [
      46,
      0.90339
    ],
    [
      47,
      0.90656
    ],
    [
      48,
      0.91312
    ],
    [
      49,
      0.91222
    ],
    [
      50,
      0.91493
    ],
    [
      51,
      0.91561
    ],
    [
      52,
      0.92308
    ],
    [
      53,
      0.9224
    ],
    [
      54,
      0.92421
    ],
    [
      55,
      0.92127
    ],
    [
      56,
      0.93054
    ],
    [
      57,
      0.92738
    ],
    [
      58,
      0.92647
    ],
    [
      59,
      0.93733
    ],
    [
      60,
      0.93145
    ],
    [
      61,
      0.93394
    ],
    [
      62,
      0.93665
    ],
    [
      63,
      0.93552
    ],
    [
      64,
      0.94095
    ],
    [
      65,
      0.93846
    ],
    [
      66,
      0.93891
    ],
    [
      67,
      0.93733
    ],
    [
      68,
      0.93665
    ],
    [
      69,
      0.94299
    ],
    [
      70,
      0.94457
    ],
    [
      71,
      0.94683
    ],
    [
      72,
      0.94412
    ],
    [
      73,
      0.94367
    ],
    [
      74,
      0.94412
    ],
    [
      75,
      0.94005
    ],
    [
      76,
      0.94525
    ],
    [
      77,
      0.94389
    ],
    [
      78,
      0.94389
    ],
    [
      79,
      0.94842
    ],
    [
      80,
      0.9457
    ],
    [
      81,
      0.9457
    ],
    [
      82,
      0.94661
    ],
    [
      83,
      0.95045
    ],
    [
      84,
      0.95113
    ],
    [
      85,
      0.95
    ],
    [
      86,
      0.94661
    ],
    [
      87,
      0.94932
    ],
    [
      88,
      0.94932
    ],
    [
      89,
      0.95317
    ],
    [
      90,
      0.95294
    ],
    [
      91,
      0.94548
    ],
    [
      92,
      0.94864
    ],
    [
      93,
      0.95475
    ],
    [
      94,
      0.9509
    ],
    [
      95,
      0.95045
    ],
    [
      96,
      0.94842
    ],
    [
      97,
      0.95158
    ],
    [
      98,
      0.95814
    ],
    [
      99,
      0.9543
    ],
    [
      100,
      0.95498
    ]
  ],
  "lr": [
    [
      1,
      0.001
    ],
    [
      2,
      0.00098
    ],
    [
      3,
      0.00095
    ],
    [
      4,
      0.00093
    ],
    [
      5,
      0.00091
    ],
    [
      6,
      0.00089
    ],
    [
      7,
      0.00087
    ],
    [
      8,
      0.00085
    ],
    [
      9,
      0.00083
    ],
    [
      10,
      0.00081
    ],
    [
      11,
      0.00079
    ],
    [
      12,
      0.00078
    ],
    [
      13,
      0.00076
    ],
    [
      14,
      0.00074
    ],
    [
      15,
      0.00072
    ],
    [
      16,
      0.00071
    ],
    [
      17,
      0.00069
    ],
    [
      18,
      0.00068
    ],
    [
      19,
      0.00066
    ],
    [
      20,
      0.00065
    ],
    [
      21,
      0.00063
    ],
    [
      22,
      0.00062
    ],
    [
      23,
      0.0006
    ],
    [
      24,
      0.00059
    ],
    [
      25,
      0.00058
    ],
    [
      26,
      0.00056
    ],
    [
      27,
      0.00055
    ],
    [
      28,
      0.00054
    ],
    [
      29,
      0.00052
    ],
    [
      30,
      0.00051
    ],
    [
      31,
      0.0005
    ],
    [
      32,
      0.00049
    ],
    [
      33,
      0.00048
    ],
    [
      34,
      0.00047
    ],
    [
      35,
      0.00046
    ],
    [
      36,
      0.00045
    ],
    [
      37,
      0.00044
    ],
    [
      38,
      0.00043
    ],
    [
      39,
      0.00042
    ],
    [
      40,
      0.00041
    ],
    [
      41,
      0.0004
    ],
    [
      42,
      0.00039
    ],
    [
      43,
      0.00038
    ],
    [
      44,
      0.00037
    ],
    [
      45,
      0.00036
    ],
    [
      46,
      0.00035
    ],
    [
      47,
      0.00035
    ],
    [
      48,
      0.00034
    ],
    [
      49,
      0.00033
    ],
    [
      50,
      0.00032
    ],
    [
      51,
      0.00032
    ],
    [
      52,
      0.00031
    ],
    [
      53,
      0.0003
    ],
    [
      54,
      0.0003
    ],
    [
      55,
      0.00029
    ],
    [
      56,
      0.00028
    ],
    [
      57,
      0.00028
    ],
    [
      58,
      0.00027
    ],
    [
      59,
      0.00026
    ],
    [
      60,
      0.00026
    ],
    [
      61,
      0.00025
    ],
    [
      62,
      0.00025
    ],
    [
      63,
      0.00024
    ],
    [
      64,
      0.00023
    ],
    [
      65,
      0.00023
    ],
    [
      66,
      0.00022
    ],
    [
      67,
      0.00022
    ],
    [
      68,
      0.00021
    ],
    [
      69,
      0.00021
    ],
    [
      70,
      0.0002
    ],
    [
      71,
      0.0002
    ],
    [
      72,
      0.00019
    ],
    [
      73,
      0.00019
    ],
    [
      74,
      0.00019
    ],
    [
      75,
      0.00018
    ],
    [
      76,
      0.00018
    ],
    [
      77,
      0.00017
    ],
    [
      78,
      0.00017
    ],
    [
      79,
      0.00017
    ],
    [
      80,
      0.00016
    ],
    [
      81,
      0.00016
    ],
    [
      82,
      0.00015
    ],
    [
      83,
      0.00015
    ],
    [
      84,
      0.00015
    ],
    [
      85,
      0.00014
    ],
    [
      86,
      0.00014
    ],
    [
      87,
      0.00014
    ],
    [
      88,
      0.00013
    ],
    [
      89,
      0.00013
    ],
    [
      90,
      0.00013
    ],
    [
      91,
      0.00013
    ],
    [
      92,
      0.00012
    ],
    [
      93,
      0.00012
    ],
    [
      94,
      0.00012
    ],
    [
      95,
      0.00011
    ],
    [
      96,
      0.00011
    ],
    [
      97,
      0.00011
    ],
    [
      98,
      0.00011
    ],
    [
      99,
      0.0001
    ],
    [
      100,
      0.0001
    ]
  ],
  "val_loss": [
    [
      10,
      0.57784
    ],
    [
      20,
      0.47104
    ],
    [
      30,
      0.42364
    ],
    [
      40,
      0.39696
    ],
    [
      50,
      0.37494
    ],
    [
      60,
      0.32603
    ],
    [
      70,
      0.30195
    ],
    [
      80,
      0.28911
    ],
    [
      90,
      0.28112
    ],
    [
      100,
      0.28295
    ]
  ],
  "val_acc": [
    [
      10,
      0.76667
    ],
    [
      20,
      0.85
    ],
    [
      30,
      0.83333
    ],
    [
      40,
      0.86667
    ],
    [
      50,
      0.88333
    ],
    [
      60,
      0.9
    ],
    [
      70,
      0.9
    ],
    [
      80,
      0.88333
    ],
    [
      90,
      0.88333
    ],
    [
      100,
      0.88333
    ]
  ],
  "mean": 123.5,
  "std": 58.395,
  "label_type": "classification",
  "data_type": "image",
  "labels": [
    "food waste",
    "harmful waste",
    "other waste",
    "RecyclableWaste"
  ],
  "best_eval": {
    "epoch": 70,
    "val_acc": 0.9,
    "val_info": [
      {
        "name": "bed5cfed9ccd4057bc642ef40edc9b98.jpg",
        "nickname": "img_7993.jpg",
        "pred": 3,
        "gt": 3,
        "ok": true
      },
      {
        "name": "1ee03e4c27064adcad8296b7e2acb2aa.jpg",
        "nickname": "img_57.jpg",
        "pred": 2,
        "gt": 2,
        "ok": true
      },
      {
        "name": "4e09c5191228476287d095e60d6b6e0b.jpg",
        "nickname": "img_3633.jpg",
        "pred": 0,
        "gt": 0,
        "ok": true
      },
      {
        "name": "8bb5feda0a3e4613832674b40971757e.jpg",
        "nickname": "img_7588.jpg",
        "pred": 3,
        "gt": 3,
        "ok": true
      },
      {
        "name": "9c2fb8e519504c459fb5c06597f7583b.jpg",
        "nickname": "img_7842.jpg",
        "pred": 3,
        "gt": 3,
        "ok": true
      },
      {
        "name": "67e8a1c65279495b830902704366f13a.jpg",
        "nickname": "img_18910.jpg",
        "pred": 1,
        "gt": 1,
        "ok": true
      },
      {
        "name": "76d498f0fb2d44149644730dbec21d8e.jpg",
        "nickname": "img_19469.jpg",
        "pred": 1,
        "gt": 1,
        "ok": true
      },
      {
        "name": "3b624d1c17b445be86755d0fe50e4c44.jpg",
        "nickname": "img_19589.jpg",
        "pred": 3,
        "gt": 1,
        "ok": false
      },
      {
        "name": "e8bb76f7885443d4b0cda99f5e5b7bad.jpg",
        "nickname": "img_7469.jpg",
        "pred": 3,
        "gt": 3,
        "ok": true
      },
      {
        "name": "41aa80e5c04547c9aed04b74ad53be84.jpg",
        "nickname": "img_3815.jpg",
        "pred": 0,
        "gt": 0,
        "ok": true
      },
      {
        "name": "191287d6e50c4b38b7cd6a06f1044c43.jpg",
        "nickname": "img_19504.jpg",
        "pred": 1,
        "gt": 1,
        "ok": true
      },
      {
        "name": "a2581126dab244bb86246a393be00601.jpg",
        "nickname": "img_7285.jpg",
        "pred": 3,
        "gt": 3,
        "ok": true
      },
      {
        "name": "45119094adef4302969123822167be45.jpg",
        "nickname": "img_18381.jpg",
        "pred": 1,
        "gt": 1,
        "ok": true
      },
      {
        "name": "846236c1d7a745b4be6350dd0aa368ba.jpg",
        "nickname": "img_146.jpg",
        "pred": 2,
        "gt": 2,
        "ok": true
      },
      {
        "name": "6d01f36231ee4c5cabe0a79e1b345844.jpg",
        "nickname": "img_3321.jpg",
        "pred": 0,
        "gt": 0,
        "ok": true
      },
      {
        "name": "38704a3a544c450c9596434e44393bc9.jpg",
        "nickname": "img_7420.jpg",
        "pred": 3,
        "gt": 3,
        "ok": true
      },
      {
        "name": "8b62c724ea5144a5acc4dffa2f45e4e1.jpg",
        "nickname": "img_3904.jpg",
        "pred": 0,
        "gt": 0,
        "ok": true
      },
      {
        "name": "fa1bf35082204d59b8f547e0c9fab9d8.jpg",
        "nickname": "img_19381.jpg",
        "pred": 1,
        "gt": 1,
        "ok": true
      },
      {
        "name": "dc9f53273645453cb55bf30de7a18b6e.jpg",
        "nickname": "img_3564.jpg",
        "pred": 0,
        "gt": 0,
        "ok": true
      },
      {
        "name": "fa89b08adbf04791850e6ccea3a116e2.jpg",
        "nickname": "img_18804.jpg",
        "pred": 1,
        "gt": 1,
        "ok": true
      },
      {
        "name": "e91abf9733d14bc680066c2b9917feb9.jpg",
        "nickname": "img_167.jpg",
        "pred": 2,
        "gt": 2,
        "ok": true
      },
      {
        "name": "c91779f1d4614aa69ecf35601f79f2a5.jpg",
        "nickname": "img_18877.jpg",
        "pred": 1,
        "gt": 1,
        "ok": true
      },
      {
        "name": "18a39c5f5a404bc186eef4722c5ff850.jpg",
        "nickname": "img_18660.jpg",
        "pred": 1,
        "gt": 1,
        "ok": true
      },
      {
        "name": "f35531c447d540fead58073607f465ed.jpg",
        "nickname": "img_18346.jpg",
        "pred": 1,
        "gt": 1,
        "ok": true
      },
      {
        "name": "22509c2da6d04fd1b29c06ecfef90335.jpg",
        "nickname": "img_19206.jpg",
        "pred": 1,
        "gt": 1,
        "ok": true
      },
      {
        "name": "cf01041eca874360a34a89d81f633498.jpg",
        "nickname": "img_4007.jpg",
        "pred": 0,
        "gt": 0,
        "ok": true
      },
      {
        "name": "0170430082b741168beb7f8e176b6cfe.jpg",
        "nickname": "img_2785.jpg",
        "pred": 0,
        "gt": 0,
        "ok": true
      },
      {
        "name": "59d82d1bb5b845ef83fdfe3ba428b6e1.jpg",
        "nickname": "img_18600.jpg",
        "pred": 1,
        "gt": 1,
        "ok": true
      },
      {
        "name": "c43a622ae8884b4da2e2ac22bf49893f.jpg",
        "nickname": "img_3518.jpg",
        "pred": 0,
        "gt": 0,
        "ok": true
      },
      {
        "name": "44da8e333e0a45f4bbb846bde3cd6f25.jpg",
        "nickname": "img_87.jpg",
        "pred": 2,
        "gt": 2,
        "ok": true
      },
      {
        "name": "fc70fb052f2c40a8a6486fb724f8b239.jpg",
        "nickname": "img_3927.jpg",
        "pred": 0,
        "gt": 0,
        "ok": true
      },
      {
        "name": "e781dc5a1c35498fae6fc391c807b4a7.jpg",
        "nickname": "img_7443.jpg",
        "pred": 3,
        "gt": 3,
        "ok": true
      },
      {
        "name": "8a2692b434d64164bcc09d878b70e407.jpg",
        "nickname": "img_84.jpg",
        "pred": 2,
        "gt": 2,
        "ok": true
      },
      {
        "name": "44f8bbb2dc504b99987122899dd34de6.jpg",
        "nickname": "img_2936.jpg",
        "pred": 0,
        "gt": 0,
        "ok": true
      },
      {
        "name": "69a1bcee57bc4c1f90d23b4df7374760.jpg",
        "nickname": "img_175.jpg",
        "pred": 0,
        "gt": 2,
        "ok": false
      },
      {
        "name": "07b43efd1d0b44df96988a36dc5aaf39.jpg",
        "nickname": "img_36.jpg",
        "pred": 2,
        "gt": 2,
        "ok": true
      },
      {
        "name": "96aae1df6960443ba3ff083511e3140f.jpg",
        "nickname": "img_7450.jpg",
        "pred": 3,
        "gt": 3,
        "ok": true
      },
      {
        "name": "700ee38fb2e641c4889ae20d12338072.jpg",
        "nickname": "img_7305.jpg",
        "pred": 3,
        "gt": 3,
        "ok": true
      },
      {
        "name": "52611ed086ee4b3bb44101112481adeb.jpg",
        "nickname": "img_7610.jpg",
        "pred": 3,
        "gt": 3,
        "ok": true
      },
      {
        "name": "baa01118845d4fc4ba1f1da652ba2506.jpg",
        "nickname": "img_7694.jpg",
        "pred": 3,
        "gt": 3,
        "ok": true
      },
      {
        "name": "eef2e30e0d07449fa37d48f0e0126858.jpg",
        "nickname": "img_7890.jpg",
        "pred": 3,
        "gt": 3,
        "ok": true
      },
      {
        "name": "0fe8d94665634ba383f018bc19711de2.jpg",
        "nickname": "img_3268.jpg",
        "pred": 0,
        "gt": 0,
        "ok": true
      },
      {
        "name": "9cac63c8517945e0961437ee1b950825.jpg",
        "nickname": "img_23.jpg",
        "pred": 2,
        "gt": 2,
        "ok": true
      },
      {
        "name": "669ad2f4c5fe4dc59216980f5e2cbbb5.jpg",
        "nickname": "img_3870.jpg",
        "pred": 0,
        "gt": 0,
        "ok": true
      },
      {
        "name": "18ceb2b0832c4505b47cb5fa7518f9e2.jpg",
        "nickname": "img_18652.jpg",
        "pred": 1,
        "gt": 1,
        "ok": true
      },
      {
        "name": "363716c245f34a80912caaafc428ab33.jpg",
        "nickname": "img_19569.jpg",
        "pred": 1,
        "gt": 1,
        "ok": true
      },
      {
        "name": "708bf41f40c5411daec151c1ef71cb19.jpg",
        "nickname": "img_71.jpg",
        "pred": 1,
        "gt": 2,
        "ok": false
      },
      {
        "name": "0dd35c5af8f743f7986d542703073834.jpg",
        "nickname": "img_75.jpg",
        "pred": 2,
        "gt": 2,
        "ok": true
      },
      {
        "name": "fb5682676a8b4eed887e5d8ddc721efc.jpg",
        "nickname": "img_153.jpg",
        "pred": 2,
        "gt": 2,
        "ok": true
      },
      {
        "name": "021124ee65e6407ab41e240db2a586ce.jpg",
        "nickname": "img_3947.jpg",
        "pred": 0,
        "gt": 0,
        "ok": true
      },
      {
        "name": "97df155f62d44d97a42d24c5377d5330.jpg",
        "nickname": "img_52.jpg",
        "pred": 2,
        "gt": 2,
        "ok": true
      },
      {
        "name": "3520d2db6fdb45adbdbbf4d9fbb01af5.jpg",
        "nickname": "img_7787.jpg",
        "pred": 3,
        "gt": 3,
        "ok": true
      },
      {
        "name": "5c0bd28261fd483e9fc95f5589484ea3.jpg",
        "nickname": "img_83.jpg",
        "pred": 2,
        "gt": 2,
        "ok": true
      },
      {
        "name": "25392acbb3374d1cb36b4c9324a7347d.jpg",
        "nickname": "img_70.jpg",
        "pred": 1,
        "gt": 2,
        "ok": false
      },
      {
        "name": "932fef970589428ab3194e8ffe82998b.jpg",
        "nickname": "img_19183.jpg",
        "pred": 1,
        "gt": 1,
        "ok": true
      },
      {
        "name": "9e62ec5c0f104fd987636593fc213dd6.jpg",
        "nickname": "img_2585.jpg",
        "pred": 0,
        "gt": 0,
        "ok": true
      },
      {
        "name": "4fef5708ba4049b2b1f6a46447e86fac.jpg",
        "nickname": "img_4094.jpg",
        "pred": 0,
        "gt": 0,
        "ok": true
      },
      {
        "name": "ac2bd0991b984ec99192da2c0685d579.jpg",
        "nickname": "img_7230.jpg",
        "pred": 3,
        "gt": 3,
        "ok": true
      },
      {
        "name": "283eda9965344e989e7d564cfeab962b.jpg",
        "nickname": "img_7867.jpg",
        "pred": 1,
        "gt": 3,
        "ok": false
      },
      {
        "name": "9706fe44edd544f6b5ce216787b90abe.jpg",
        "nickname": "img_93.jpg",
        "pred": 3,
        "gt": 2,
        "ok": false
      }
    ]
  }
}